domain,label,confidence,text_score,vision_score,reasons,image_count,error,started_at,finished_at,stage_used,nav_count,heading_count
maria-dee-shop.de,Bodywear Leaning,0.6904545454545454,0.730909090909091,0.65,"bodywear:shapewear,bikini,bh,dessous;generalist:accessoires;vision_screenshot:0.65",1,,2025-11-07T16:29:59.076771,2025-11-07T16:30:02.499633,http+vision,91,2
shopiuritamennoia.com,Bodywear Leaning,0.6777777777777778,0.5055555555555555,0.85,"bodywear:bikini,costumi;generalist:home;vision_screenshot:0.85",1,,2025-11-07T13:15:11.075037,2025-11-07T13:15:18.437771,http+vision,6,10
maisonflora.fr,Bodywear Leaning,0.6777777777777778,0.5055555555555555,0.85,bodywear:lingerie;generalist:maison;vision_screenshot:0.85,1,,2025-11-07T16:05:59.171689,2025-11-07T16:06:06.797297,http+vision,30,10
kunert.de,Bodywear Leaning,0.675,0.0,0.75,vision_screenshot:0.75;text_extraction_failed,1,,2025-11-07T12:31:15.113856,2025-11-07T12:31:21.683033,playwright,0,0
viadigioia.nl,Bodywear Leaning,0.675,0.5,0.85,bodywear:swimwear;vision_screenshot:0.85,1,,2025-11-07T12:58:45.960270,2025-11-07T12:58:55.389193,http+vision,55,10
wolford.com,Bodywear Leaning,0.675,0.0,0.75,vision_screenshot:0.75;text_extraction_failed,1,,2025-11-07T13:00:25.742058,2025-11-07T13:00:42.700563,playwright,0,0
clara-intimo.it,Bodywear Leaning,0.675,0.5,0.85,bodywear:intimo;vision_screenshot:0.85,1,,2025-11-07T13:13:23.510008,2025-11-07T13:13:31.634257,http+vision,34,10
loheshop.com,Bodywear Leaning,0.675,0.7000000000000001,0.65,"bodywear:pyjamas,swimwear;generalist:children,accessories;vision_screenshot:0.65",1,,2025-11-07T13:15:51.255313,2025-11-07T13:16:00.609904,http+vision,82,10
gedes.be,Bodywear Leaning,0.675,0.0,0.75,vision_screenshot:0.75;text_extraction_failed,1,,2025-11-07T14:14:58.503908,2025-11-07T14:15:06.529626,playwright,0,0
onthatass.com,Bodywear Leaning,0.675,0.0,0.75,vision_screenshot:0.75;text_extraction_failed,1,,2025-11-07T16:20:48.349381,2025-11-07T16:20:51.541186,playwright,0,0
obsessive.com.pl,Bodywear Leaning,0.6666666666666666,0.6666666666666666,,bodywear:panties,0,,2025-11-07T13:31:31.759828,2025-11-07T13:31:37.693856,http,93,10
seanay.fr,Bodywear Leaning,0.6583333333333333,0.6666666666666666,0.65,bodywear:swimwear;vision_screenshot:0.65,1,,2025-11-07T13:22:00.340500,2025-11-07T13:22:08.187729,http+vision,30,5
trofe.se,Bodywear Leaning,0.6583333333333333,0.6666666666666666,0.65,"bodywear:pyjamas,loungewear;vision_screenshot:0.65",1,,2025-11-07T14:02:11.915008,2025-11-07T14:02:15.339485,http+vision,21,8
ennamoda.com,Bodywear Leaning,0.6578947368421053,0.7657894736842106,0.55,"bodywear:bras,pyjamas,loungewear;generalist:home;vision_screenshot:0.55",1,,2025-11-07T16:17:54.939429,2025-11-07T16:18:19.228818,http+vision,94,10
maiyo.co.uk,Bodywear Leaning,0.6454545454545455,0.6409090909090909,0.65,"bodywear:swimwear,bikini;generalist:accessories;vision_screenshot:0.65",1,,2025-11-07T12:35:17.379727,2025-11-07T12:35:21.621728,http+vision,84,4
v2dlingerie.com,Bodywear Leaning,0.645,0.44,0.85,bodywear:lingerie;generalist:home;vision_screenshot:0.85,1,,2025-11-07T17:15:52.051896,2025-11-07T17:15:55.231573,http+vision,65,9
schiesser.com,Bodywear Leaning,0.6444444444444444,0.6888888888888889,0.6,"bodywear:underwear,bra,bras,panties,sleepwear;generalist:outerwear,jackets,children;vision_screenshot:0.60",1,,2025-11-07T12:40:59.358678,2025-11-07T12:41:04.899000,http+vision,50,5
icone-lingerie.com,Bodywear Leaning,0.6369047619047619,0.6238095238095238,0.65,"bodywear:lingerie,tanga;generalist:accessoires;vision_screenshot:0.65",1,,2025-11-07T13:15:04.596660,2025-11-07T13:15:09.772339,http+vision,34,8
gdfsyehui.com,Bodywear Leaning,0.63,0.0,0.7,vision_screenshot:0.70;text_extraction_failed,1,,2025-11-07T16:09:14.926586,2025-11-07T16:09:28.476613,playwright,0,0
alvana.fr,Bodywear Leaning,0.6291666666666667,0.6291666666666667,,"bodywear:swimwear,culotte,maillot de bain,maillots;generalist:bijoux",0,,2025-11-07T16:12:07.073971,2025-11-07T16:12:07.924457,http,59,10
khioneswimwear.com,Bodywear Leaning,0.625,0.5,0.75,bodywear:maillots;vision_screenshot:0.75,1,,2025-11-07T13:15:23.295871,2025-11-07T13:15:27.695790,http+vision,34,9
moi-et-marie.com,Bodywear Leaning,0.625,0.5,0.75,bodywear:ondergoed;vision_screenshot:0.75,1,,2025-11-07T14:23:57.496291,2025-11-07T14:24:01.437213,http+vision,44,4
hosierycenter.nl,Bodywear Leaning,0.625,0.5,0.75,bodywear:bodywear;vision_screenshot:0.75,1,,2025-11-07T16:20:44.364520,2025-11-07T16:20:47.453793,http+vision,82,10
sistersrepublic.com,Bodywear Leaning,0.6138888888888889,0.3777777777777777,0.85,"bodywear:culotte,maillots;generalist:accessoires,maison;vision_screenshot:0.85",1,,2025-11-07T16:21:56.258264,2025-11-07T16:22:02.007157,http+vision,28,10
aliceetmaman.be,Bodywear Leaning,0.61,0.57,0.65,bodywear:nightwear;generalist:home;vision_screenshot:0.65,1,,2025-11-07T16:19:26.193963,2025-11-07T16:19:33.003708,http+vision,14,7
muchachomalo.com,Bodywear Leaning,0.6038461538461539,0.6576923076923077,0.55,"bodywear:briefs,trunks,ondergoed,boxershorts,sokken;generalist:accessoires;vision_screenshot:0.55",1,,2025-11-07T12:36:10.502665,2025-11-07T12:36:20.035976,http+vision,52,10
nue-studio.com,Bodywear Leaning,0.6025,0.5549999999999999,0.65,"bodywear:lingerie,swimwear;generalist:jackets,accessories;vision_screenshot:0.65",1,,2025-11-07T12:36:59.686326,2025-11-07T12:37:08.816237,http+vision,43,0
myjama.de,Bodywear Leaning,0.6025,0.5549999999999999,0.65,"bodywear:loungewear,pyjama;generalist:kinder;vision_screenshot:0.65",1,,2025-11-07T16:39:11.664193,2025-11-07T16:39:21.629692,http+vision,84,0
damella.se,Bodywear Leaning,0.6,0.75,0.45,bodywear:bikini;vision_screenshot:0.45,1,,2025-11-07T13:27:11.927563,2025-11-07T13:27:17.329737,http+vision,29,10
lascana.de,Bodywear Leaning,0.5991935483870967,0.4483870967741935,0.75,"bodywear:bh,slips,dessous,nachtwäsche;generalist:accessoires,mäntel,jacken;vision_screenshot:0.75",1,,2025-11-07T13:15:34.500035,2025-11-07T13:15:39.831036,http+vision,97,10
wallien.com,Bodywear Leaning,0.5895833333333333,0.6291666666666667,0.55,"bodywear:swimwear,swim;generalist:accessories;vision_screenshot:0.55",1,,2025-11-07T12:59:59.940934,2025-11-07T13:00:08.415184,http+vision,95,9
asceno.com,Bodywear Leaning,0.5850000000000001,0.0,0.65,vision_screenshot:0.65;text_extraction_failed,1,,2025-11-07T12:10:17.293727,2025-11-07T12:10:27.271760,playwright,0,0
boobdesign.com,Bodywear Leaning,0.5850000000000001,0.0,0.65,vision_screenshot:0.65;text_extraction_failed,1,,2025-11-07T12:14:19.548730,2025-11-07T12:14:23.860034,playwright,0,0
mila-beach.com,Bodywear Leaning,0.5850000000000001,0.0,0.65,vision_screenshot:0.65;text_extraction_failed,1,,2025-11-07T12:35:45.270275,2025-11-07T12:35:54.176970,playwright,0,0
marcmarcs.com,Bodywear Leaning,0.5850000000000001,0.0,0.65,vision_screenshot:0.65;text_extraction_failed,1,,2025-11-07T13:09:42.459289,2025-11-07T13:09:48.373895,playwright,0,0
boglietti.it,Bodywear Leaning,0.5850000000000001,0.0,0.65,vision_screenshot:0.65;text_extraction_failed,1,,2025-11-07T13:12:53.755250,2025-11-07T13:13:01.102788,playwright,0,0
oscalito.it,Bodywear Leaning,0.5850000000000001,0.0,0.65,vision_screenshot:0.65;text_extraction_failed,1,,2025-11-07T13:20:52.260131,2025-11-07T13:20:58.133324,playwright,0,0
scarlettgasque.com,Bodywear Leaning,0.5850000000000001,0.0,0.65,vision_screenshot:0.65;text_extraction_failed,1,,2025-11-07T13:21:46.734571,2025-11-07T13:21:59.985707,playwright,0,0
spanx.com,Bodywear Leaning,0.5850000000000001,0.0,0.65,vision_screenshot:0.65;text_extraction_failed,1,,2025-11-07T14:02:04.429019,2025-11-07T14:02:09.181180,playwright,0,0
posielingerie.com,Bodywear Leaning,0.5850000000000001,0.0,0.65,vision_screenshot:0.65;text_extraction_failed,1,,2025-11-07T14:42:34.309070,2025-11-07T14:42:38.822119,playwright,0,0
dienlingerie.com,Bodywear Leaning,0.5850000000000001,0.0,0.65,vision_screenshot:0.65;text_extraction_failed,1,,2025-11-07T16:05:49.412398,2025-11-07T16:05:58.865387,playwright,0,0
sensis.com.pl,Bodywear Leaning,0.5850000000000001,0.0,0.65,vision_screenshot:0.65;text_extraction_failed,1,,2025-11-07T16:17:15.928270,2025-11-07T16:17:19.528371,playwright,0,0
ioralingerie.com,Bodywear Leaning,0.5850000000000001,0.0,0.65,vision_screenshot:0.65;text_extraction_failed,1,,2025-11-07T16:17:34.469736,2025-11-07T16:17:38.512316,playwright,0,0
pompea.com,Bodywear Leaning,0.5850000000000001,0.0,0.65,vision_screenshot:0.65;text_extraction_failed,1,,2025-11-07T16:21:21.393846,2025-11-07T16:21:27.501323,playwright,0,0
mymarini.com,Bodywear Leaning,0.5850000000000001,0.0,0.65,vision_screenshot:0.65;text_extraction_failed,1,,2025-11-07T16:23:14.912484,2025-11-07T16:23:20.527962,playwright,0,0
jockey.com,Bodywear Leaning,0.5850000000000001,0.0,0.65,vision_screenshot:0.65;text_extraction_failed,1,,2025-11-07T16:30:02.791065,2025-11-07T16:30:05.401269,playwright,0,0
bamboobasics.com,Bodywear Leaning,0.5793103448275863,0.6086206896551724,0.55,"bodywear:boxers,trunks,ondergoed,bh,slips;generalist:baby;vision_screenshot:0.55",1,,2025-11-07T12:12:18.676434,2025-11-07T12:12:24.100557,http+vision,47,10
moritz-hendel.de,Bodywear Leaning,0.5791666666666666,0.2583333333333333,0.9,bodywear:bh;generalist:accessoires;vision_screenshot:0.90,1,,2025-11-07T16:29:36.272595,2025-11-07T16:29:43.017944,http+vision,24,0
bertilleisabeau.com,Bodywear Leaning,0.5777777777777777,0.5055555555555555,0.65,bodywear:lingerie;generalist:maison;vision_screenshot:0.65,1,,2025-11-07T16:12:02.921284,2025-11-07T16:12:06.797512,http+vision,42,7
admas.es,Bodywear Leaning,0.5625,0.575,0.55,"bodywear:pyjamas,pijama;generalist:jeans,home,accessories;vision_screenshot:0.55",1,,2025-11-07T16:05:34.373254,2025-11-07T16:05:49.098003,http+vision,91,7
fidalingerie.it,Bodywear Leaning,0.5596153846153846,0.5692307692307692,0.55,bodywear:slip;generalist:home;vision_screenshot:0.55,1,,2025-11-07T13:14:12.758823,2025-11-07T13:14:17.041157,http+vision,29,8
dalgaswim.com,Bodywear Leaning,0.55,0.5499999999999999,0.55,"bodywear:swim,bikini,trunks;generalist:accessories;vision_screenshot:0.55",1,,2025-11-07T16:28:54.417452,2025-11-07T16:28:59.603727,http+vision,45,10
b-leaf.be,Bodywear Leaning,0.54,0.0,0.6,vision_screenshot:0.60;text_extraction_failed,1,,2025-11-07T14:08:53.602427,2025-11-07T14:09:05.814101,playwright,0,0
pastunette.com,Bodywear Leaning,0.5345833333333333,0.6191666666666666,0.45,"bodywear:bikini,nachtmode,badmode,pyjama;generalist:kids,accessoires;vision_screenshot:0.45",1,,2025-11-07T14:27:01.941346,2025-11-07T14:27:05.605033,http+vision,134,10
onskinery.com,Bodywear Leaning,0.525,0.2,0.85,"bodywear:unterwäsche;generalist:baby,schuhe;vision_screenshot:0.85",1,,2025-11-07T16:36:38.378929,2025-11-07T16:36:43.200636,http+vision,46,9
icebreaker.com,Bodywear Leaning,0.51875,0.5875,0.45,"bodywear:ondergoed,beha,sokken;generalist:jassen;vision_screenshot:0.45",1,,2025-11-07T12:28:26.182123,2025-11-07T12:28:37.088184,http+vision,50,10
shortstories.de,Bodywear Leaning,0.5166666666666666,0.7333333333333333,0.3,"bodywear:loungewear,slips,unterwäsche,nachtwäsche,bademode;generalist:home;vision_screenshot:0.30",1,,2025-11-07T13:22:08.520125,2025-11-07T13:22:13.535752,http+vision,43,6
calamoon.com,Bodywear Leaning,0.5125,0.175,0.85,bodywear:swimwear;generalist:kids;vision_screenshot:0.85,1,,2025-11-07T16:06:47.837409,2025-11-07T16:06:51.466374,http+vision,26,6
femfour.com,Bodywear Leaning,0.5071428571428571,0.3642857142857142,0.65,bodywear:bikini;generalist:home;vision_screenshot:0.65,1,,2025-11-07T13:14:05.451612,2025-11-07T13:14:12.427285,http+vision,21,7
lascana.com,Bodywear Leaning,0.5025,0.5549999999999999,0.45,"bodywear:lingerie,swimwear;generalist:outerwear,coats,jackets;vision_screenshot:0.45",1,,2025-11-07T14:25:16.968311,2025-11-07T14:25:22.365593,http+vision,48,1
cachecoeurlingerie.com,Bodywear Leaning,0.5,0.5070175438596491,0.1,"bodywear:lingerie,pyjamas,culotte,maillots;generalist:jeans,accessoires,manteaux;vision_screenshot:0.10",1,,2025-11-07T12:15:33.948770,2025-11-07T12:15:43.756074,http+vision,149,8
crewclothing.co.uk,Bodywear Leaning,0.5,0.4092592592592592,0.1,"bodywear:nightwear,swimwear,loungewear;generalist:jeans,coats,jackets;vision_screenshot:0.10",1,,2025-11-07T12:21:59.595411,2025-11-07T12:22:21.351733,http+vision,95,1
zizzi.dk,Bodywear Leaning,0.5,0.408,0.1,"bodywear:shapewear;generalist:jeans,accessories;vision_screenshot:0.10",1,,2025-11-07T12:22:41.457785,2025-11-07T12:22:47.512494,http+vision,100,9
falke.com,Bodywear Leaning,0.5,0.5515151515151515,0.2,"bodywear:underwear,bras,panties,hosiery,slips;generalist:jackets,accessories,sneaker;vision_screenshot:0.20",1,,2025-11-07T12:24:21.996408,2025-11-07T12:24:26.898516,http+vision,100,3
kaikoaworld.com,Bodywear Leaning,0.5,0.6666666666666666,0.0,bodywear:swimwear;vision_screenshot:0.00,1,,2025-11-07T12:30:48.317898,2025-11-07T12:30:51.578305,http+vision,28,6
lidea.de,Bodywear Leaning,0.5,0.6666666666666666,0.0,bodywear:swimwear;vision_screenshot:0.00,1,,2025-11-07T12:31:40.701733,2025-11-07T12:31:43.979977,http+vision,21,3
lovebrand.com,Bodywear Leaning,0.5,0.6105263157894737,0.1,"bodywear:swimwear,swim,bikini;generalist:jackets,accessories,bags;vision_screenshot:0.10",1,,2025-11-07T12:31:55.287466,2025-11-07T12:32:09.279520,http+vision,148,10
mouwlengte7.com,Bodywear Leaning,0.5,0.4714285714285714,0.1,"bodywear:ondergoed,boxershorts,sokken;generalist:accessoires,casa;vision_screenshot:0.10",1,,2025-11-07T12:34:03.323563,2025-11-07T12:34:07.197269,http+vision,144,9
lovjoi.com,Bodywear Leaning,0.5,0.6710526315789473,0.1,"bodywear:lingerie,bras,intimates,nightwear,swimwear;generalist:jeans;vision_screenshot:0.10",1,,2025-11-07T12:34:32.559774,2025-11-07T12:34:40.723446,http+vision,76,9
maryanmehlhorn.com,Bodywear Leaning,0.5,0.73125,0.0,bodywear:bikini;generalist:home;vision_screenshot:0.00,1,,2025-11-07T12:35:31.949248,2025-11-07T12:35:34.908078,http+vision,18,4
monsieurtshirt.com,Bodywear Leaning,0.5,0.5,0.1,bodywear:boxers;vision_screenshot:0.10,1,,2025-11-07T12:36:00.280783,2025-11-07T12:36:04.821441,http+vision,11,10
oneill.com,Bodywear Leaning,0.5,0.5,0.1,"bodywear:swimwear,swim,bikini;generalist:jackets,footwear,accessories;vision_screenshot:0.10",1,,2025-11-07T12:37:10.333460,2025-11-07T12:37:20.188104,http+vision,58,10
pamelamann.co.uk,Bodywear Leaning,0.5,0.175,0.45,"bodywear:underwear;generalist:home,accessories;vision_screenshot:0.45",1,,2025-11-07T12:38:31.732000,2025-11-07T12:38:38.124167,http+vision,50,10
royce-lingerie.co.uk,Bodywear Leaning,0.5,0.6333333333333333,0.0,bodywear:bras;generalist:home;vision_screenshot:0.00,1,,2025-11-07T12:39:40.713642,2025-11-07T12:39:52.576874,http+vision,13,6
sockshouse.nl,Bodywear Leaning,0.5,0.75,0.0,"bodywear:ondergoed,sokken,kousen;vision_screenshot:0.00",1,,2025-11-07T12:53:54.523503,2025-11-07T12:53:58.354863,http+vision,20,9
untouchedunderwear.com,Bodywear Leaning,0.5,0.7461538461538462,0.0,"bodywear:boxers,thong,boxershorts,boxer,hipster;generalist:home;vision_screenshot:0.00",1,,2025-11-07T12:57:01.628878,2025-11-07T12:57:07.445583,http+vision,38,8
vivemaria.de,Bodywear Leaning,0.5,0.5236842105263159,0.0,"bodywear:panties,pyjamas,slips;generalist:home,mäntel,jacken;vision_screenshot:0.00",1,,2025-11-07T12:57:07.768455,2025-11-07T12:57:12.441150,http+vision,69,8
zoeleggings.com,Bodywear Leaning,0.5,0.44375,0.15,"bodywear:underwear,bra,bras,swimwear;generalist:jackets,accessories,bags;vision_screenshot:0.15",1,,2025-11-07T13:01:40.437425,2025-11-07T13:01:50.086522,http+vision,48,10
en.le-petit-trou.com,Bodywear Leaning,0.5,0.6266666666666666,0.0,"bodywear:lingerie,bra,bras,briefs;generalist:jackets,shoes,accessories;vision_screenshot:0.00",1,,2025-11-07T13:09:08.795697,2025-11-07T13:09:13.957019,http+vision,43,9
lousylivin.com,Bodywear Leaning,0.5,0.6705882352941177,0.05,"bodywear:trunks,boxershorts;generalist:home;vision_screenshot:0.05",1,,2025-11-07T13:09:27.031529,2025-11-07T13:09:35.219719,http+vision,40,10
moostwanted.com,Bodywear Leaning,0.5,0.6266666666666666,0.15,"bodywear:lingerie;generalist:jackets,accessories,bags;vision_screenshot:0.15",1,,2025-11-07T13:10:04.984049,2025-11-07T13:10:15.049961,http+vision,35,10
sunspel.com,Bodywear Leaning,0.5,0.5535714285714285,0.1,"bodywear:underwear,briefs,sleepwear,swimwear,loungewear;generalist:coats,jackets,shoes;vision_screenshot:0.10",1,,2025-11-07T13:11:47.429231,2025-11-07T13:11:54.392678,http+vision,59,10
bojibojiboji.com,Bodywear Leaning,0.5,0.7666666666666666,0.0,"bodywear:boxers,boxer,sous-vêtements,culotte;generalist:home;vision_screenshot:0.00",1,,2025-11-07T13:13:01.421289,2025-11-07T13:13:06.799476,http+vision,27,9
coastalreef.fr,Bodywear Leaning,0.5,0.6666666666666666,0.1,bodywear:maillots;vision_screenshot:0.10,1,,2025-11-07T13:13:34.506612,2025-11-07T13:13:40.116797,http+vision,60,9
massana.es,Bodywear Leaning,0.5,0.44375,0.3,"bodywear:underwear,boxers,slips;generalist:home,casa;vision_screenshot:0.30",1,,2025-11-07T13:20:32.707992,2025-11-07T13:20:39.219247,http+vision,54,3
odetteancel.net,Bodywear Leaning,0.5,0.6576923076923077,0.0,bodywear:bikini;generalist:home;vision_screenshot:0.00,1,,2025-11-07T13:20:48.408085,2025-11-07T13:20:51.844494,http+vision,98,9
talc-paris.fr,Bodywear Leaning,0.5,0.5285714285714286,0.0,bodywear:pyjamas;generalist:maison;vision_screenshot:0.00,1,,2025-11-07T13:22:21.739909,2025-11-07T13:22:26.095372,http+vision,98,10
yellamaris.de,Bodywear Leaning,0.5,0.5285714285714286,0.0,bodywear:pyjama;generalist:home;vision_screenshot:0.00,1,,2025-11-07T13:22:54.436726,2025-11-07T13:22:58.102087,http+vision,8,10
4threckless.com,Bodywear Leaning,0.5,0.34,0.45,bodywear:bra;generalist:home;vision_screenshot:0.45,1,,2025-11-07T13:23:00.833667,2025-11-07T13:23:05.422522,http+vision,50,10
cuissoh.com,Bodywear Leaning,0.5,0.5,0.0,bodywear:shorty;vision_screenshot:0.00,1,,2025-11-07T13:27:06.657469,2025-11-07T13:27:11.610670,http+vision,18,8
girlfriend.com,Bodywear Leaning,0.5,0.7033333333333333,0.0,"bodywear:bra,bras,intimates;generalist:jackets;vision_screenshot:0.00",1,,2025-11-07T13:28:11.289520,2025-11-07T13:28:19.123407,http+vision,95,7
janira.com,Bodywear Leaning,0.5,0.7817307692307692,0.0,"bodywear:bra,boxers,slips,boxer,tanga;generalist:baby;vision_screenshot:0.00",1,,2025-11-07T13:29:04.929067,2025-11-07T13:29:08.748390,http+vision,146,2
rosemunde.com,Bodywear Leaning,0.5,0.25,0.3,"bodywear:underwear,nightwear,swimwear;generalist:coats,jackets,shoes;vision_screenshot:0.30",1,,2025-11-07T13:32:24.620337,2025-11-07T13:32:35.189352,http+vision,44,2
palomacasile.com,Bodywear Leaning,0.5,0.6928571428571428,0.0,bodywear:lingerie;generalist:home;vision_screenshot:0.00,1,,2025-11-07T14:28:01.871184,2025-11-07T14:28:05.345060,http+vision,5,9
willy-hermann.com,Bodywear Leaning,0.5,0.7074074074074074,0.0,"bodywear:shapewear,swimwear;generalist:home,beauty;vision_screenshot:0.00",1,,2025-11-07T14:30:01.667614,2025-11-07T14:30:05.246451,http+vision,148,0
penn-ts.com,Bodywear Leaning,0.5,0.5875,0.0,bodywear:lingerie;generalist:home;vision_screenshot:0.00,1,,2025-11-07T15:18:25.120302,2025-11-07T15:18:30.065284,http+vision,30,8
moonandmellow.com,Bodywear Leaning,0.5,0.5285714285714286,0.0,bodywear:sleepwear;generalist:home;vision_screenshot:0.00,1,,2025-11-07T16:04:13.484547,2025-11-07T16:04:18.151135,http+vision,28,5
sophiehallette.com,Bodywear Leaning,0.5,0.6928571428571428,0.0,bodywear:lingerie;generalist:accessories;vision_screenshot:0.00,1,,2025-11-07T16:06:28.156072,2025-11-07T16:06:30.621906,http+vision,20,0
esqudo.co,Bodywear Leaning,0.5,0.7657894736842106,0.0,"bodywear:swimwear,boxer;generalist:accessories;vision_screenshot:0.00",1,,2025-11-07T16:10:00.255440,2025-11-07T16:10:06.516136,http+vision,32,10
saeta-paris.com,Bodywear Leaning,0.5,0.6888888888888889,0.0,"bodywear:lingerie,bras,panties;generalist:accessories;vision_screenshot:0.00",1,,2025-11-07T16:10:09.926846,2025-11-07T16:10:15.939943,http+vision,88,5
muehlmeier.eu,Bodywear Leaning,0.5,0.7642857142857142,0.0,"bodywear:bra,bras;generalist:home;vision_screenshot:0.00",1,,2025-11-07T16:11:14.978304,2025-11-07T16:11:18.549865,http+vision,93,9
welovesocks.it,Bodywear Leaning,0.5,0.0,0.3,vision_screenshot:0.30;text_extraction_failed,1,,2025-11-07T16:12:08.191747,2025-11-07T16:12:16.967025,playwright,0,0
pinklabel.gr,Bodywear Leaning,0.5,0.773,0.0,"bodywear:underwear,pyjamas,swimwear,loungewear;generalist:home,sneaker;vision_screenshot:0.00",1,,2025-11-07T16:19:48.559159,2025-11-07T16:19:52.942911,http+vision,130,1
oceansapart.com,Bodywear Leaning,0.5,0.5192307692307692,0.0,"bodywear:underwear,bras,panties;generalist:coats,jackets,accessories;vision_screenshot:0.00",1,,2025-11-07T16:20:51.835052,2025-11-07T16:20:55.944164,http+vision,102,8
portokalada.fr,Bodywear Leaning,0.5,0.5842105263157894,0.0,"bodywear:tanga,culotte,maillot de bain,maillots;generalist:accessoires;vision_screenshot:0.00",1,,2025-11-07T16:21:04.101301,2025-11-07T16:21:08.329106,http+vision,37,10
voyeurx.nl,Bodywear Leaning,0.5,0.6409090909090909,0.0,bodywear:lingerie;generalist:accessoires;vision_screenshot:0.00,1,,2025-11-07T16:22:16.070987,2025-11-07T16:22:20.060128,http+vision,39,10
ilgabbianobeachwear.com,Bodywear Leaning,0.5,0.6699999999999999,0.0,"bodywear:bikini,slip;generalist:home;vision_screenshot:0.00",1,,2025-11-07T16:22:20.354078,2025-11-07T16:22:24.004732,http+vision,61,8
impetus.pt,Bodywear Leaning,0.5,0.6666666666666666,0.05,"bodywear:underwear,nightwear;vision_screenshot:0.05",1,,2025-11-07T16:22:54.184651,2025-11-07T16:22:57.802312,http+vision,42,4
lapartisienne.fr,Bodywear Leaning,0.5,0.6821428571428572,0.0,bodywear:lingerie;generalist:baby;vision_screenshot:0.00,1,,2025-11-07T16:23:03.046440,2025-11-07T16:23:08.752512,http+vision,18,4
mydacapo.de,Bodywear Leaning,0.5,0.5549999999999999,0.1,"bodywear:bh,slips,dessous;generalist:accessoires;vision_screenshot:0.10",1,,2025-11-07T16:38:26.186887,2025-11-07T16:38:29.759513,http+vision,60,0
evedess.com,Bodywear Leaning,0.5,0.7527777777777778,0.0,"bodywear:dessous,bademode;generalist:home;vision_screenshot:0.00",1,,2025-11-07T16:42:18.027405,2025-11-07T16:42:24.957811,http+vision,57,10
lidea.com,Bodywear Leaning,0.5,0.6666666666666666,0.0,bodywear:swimwear;vision_screenshot:0.00,1,,2025-11-07T16:42:58.495170,2025-11-07T16:43:01.690016,http+vision,21,3
zizzifashion.com,Bodywear Leaning,0.5,0.5177777777777777,0.1,"bodywear:underwear,nightwear,shapewear,swimwear;generalist:jeans,jackets,shoes;vision_screenshot:0.10",1,,2025-11-07T16:44:05.466544,2025-11-07T16:44:08.457179,http+vision,100,9
lindner-socks.com,Bodywear Leaning,0.5,0.0,0.3,vision_screenshot:0.30;text_extraction_failed,1,,2025-11-07T16:44:59.026100,2025-11-07T16:45:06.209770,playwright,0,0
meislahn.de,Bodywear Leaning,0.5,0.721875,0.0,"bodywear:shapewear,loungewear,unterwäsche,nachtwäsche;generalist:kinder,wohnen;vision_screenshot:0.00",1,,2025-11-07T16:45:47.296391,2025-11-07T16:45:50.716300,http+vision,51,10
wenaas.com,Bodywear Leaning,0.5,0.6666666666666666,0.0,bodywear:onderkleding;vision_screenshot:0.00,1,,2025-11-07T16:52:19.189378,2025-11-07T16:52:24.416505,http+vision,104,8
degriffstock.com,Bodywear Leaning,0.5,0.4092592592592592,0.1,"bodywear:lingerie,sous-vêtements,maillot de bain,nuit;generalist:sneakers,boots,accessoires;vision_screenshot:0.10",1,,2025-11-07T16:53:33.402904,2025-11-07T16:53:38.139527,http+vision,48,10
kolle.de,Bodywear Leaning,0.5,0.5,0.1,bodywear:bademode;vision_screenshot:0.10,1,,2025-11-07T16:59:46.932073,2025-11-07T16:59:51.621177,http+vision,18,9
adanola.com,Bodywear Leaning,0.5,0.3175,0.45,"bodywear:bras,intimates,sleepwear,swimwear;generalist:outerwear,jackets,accessories;vision_screenshot:0.45",1,,2025-11-07T17:03:45.787876,2025-11-07T17:03:51.011152,http+vision,100,10
dorcelstore.com,Bodywear Leaning,0.5,0.75,0.0,bodywear:string;vision_screenshot:0.00,1,,2025-11-07T17:15:57.022397,2025-11-07T17:16:01.056817,http+vision,56,9
stammel.de,Bodywear Leaning,0.5,0.5352941176470588,0.1,"bodywear:lingerie;generalist:kids,home;vision_screenshot:0.10",1,,2025-11-07T17:28:27.798282,2025-11-07T17:28:31.472626,http+vision,32,0
wibra.nl,Bodywear Leaning,0.5,0.5,0.1,bodywear:sokken;vision_screenshot:0.10,1,,2025-11-07T17:28:50.729850,2025-11-07T17:28:53.581779,http+vision,44,10
samunderwear.com,Bodywear Leaning,0.5,0.78,0.0,"bodywear:lingerie,shapewear,swimwear;generalist:home;vision_screenshot:0.00",1,,2025-11-07T17:29:38.880485,2025-11-07T17:29:41.981179,http+vision,13,7
terstal.nl,Bodywear Leaning,0.5,0.4982456140350877,0.1,"bodywear:lingerie,ondergoed,beha,slips,nachtmode;generalist:jeans,jassen,accessoires;vision_screenshot:0.10",1,,2025-11-07T17:29:54.389034,2025-11-07T17:29:58.696606,http+vision,99,0
oceanusswimwear.com,Bodywear Leaning,0.495,0.0,0.55,vision_screenshot:0.55;text_extraction_failed,1,,2025-11-07T12:37:24.653062,2025-11-07T12:37:36.186551,playwright,0,0
copenhagencartel.com,Bodywear Leaning,0.495,0.0,0.55,vision_screenshot:0.55;text_extraction_failed,1,,2025-11-07T13:26:47.276628,2025-11-07T13:27:01.800665,playwright,0,0
strongerlabel.com,Bodywear Leaning,0.495,0.0,0.55,vision_screenshot:0.55;text_extraction_failed,1,,2025-11-07T17:03:04.433116,2025-11-07T17:03:13.680715,playwright,0,0
deardenier.dk,Bodywear Leaning,0.475,0.8,0.15,bodywear:slip;vision_screenshot:0.15,1,,2025-11-07T16:22:35.275590,2025-11-07T16:22:39.373350,http+vision,50,4
rodasoleil.shop,Bodywear Leaning,0.4666666666666667,0.2833333333333333,0.65,bodywear:swimwear;generalist:accessories;vision_screenshot:0.65,1,,2025-11-07T14:36:24.443157,2025-11-07T14:36:28.683376,http+vision,18,0
suami.eu,Bodywear Leaning,0.4659090909090909,0.2818181818181818,0.65,"bodywear:swimwear;generalist:kids,home;vision_screenshot:0.65",1,,2025-11-07T17:28:23.247138,2025-11-07T17:28:26.722484,http+vision,69,5
huberholding.com,Bodywear Leaning,0.4625,0.4625,,bodywear:bodywear;generalist:home,0,,2025-11-07T16:31:15.201106,2025-11-07T16:31:35.193934,firecrawl,21,0
grupodocor.com,Bodywear Leaning,0.4609375,0.721875,0.2,"bodywear:swimwear,bikini,bañador;generalist:kids,accessories;vision_screenshot:0.20",1,,2025-11-07T16:21:47.063684,2025-11-07T16:21:51.391854,http+vision,93,10
blancheporte.fr,Bodywear Leaning,0.4530172413793103,0.6060344827586207,0.3,"bodywear:lingerie,pyjama,sous-vêtements,soutien-gorge,culotte;generalist:accessoires,chaussures,maison;vision_screenshot:0.30",1,,2025-11-07T12:13:19.861294,2025-11-07T12:14:17.926687,http+vision,135,6
aruelle.com,Bodywear Leaning,0.45,0.45,,"bodywear:underwear,pajamas;generalist:home",0,,2025-11-07T16:05:33.095326,2025-11-07T16:05:34.131158,http,19,4
dstm.co,Bodywear Leaning,0.4425,0.785,0.1,"bodywear:lingerie,swimwear,bodywear;generalist:accessories;vision_screenshot:0.10",1,,2025-11-07T14:31:43.048729,2025-11-07T14:31:47.663248,http+vision,10,9
damart.fr,Bodywear Leaning,0.4395833333333333,0.6291666666666667,0.25,"bodywear:lingerie,sous-vêtements,maillots,nuit;generalist:manteaux,vestes,chaussures;vision_screenshot:0.25",1,,2025-11-07T12:22:26.691143,2025-11-07T12:22:30.674066,http+vision,53,1
daxon.fr,Bodywear Leaning,0.4266304347826087,0.7532608695652174,0.1,"bodywear:lingerie,slip,pyjama,sous-vêtements,soutien-gorge;generalist:accessoires,chaussures,baskets;vision_screenshot:0.10",1,,2025-11-07T17:10:02.836718,2025-11-07T17:11:03.019746,http+vision,94,4
undress-code.com,Bodywear Leaning,0.4225806451612903,0.7451612903225806,0.1,"bodywear:lingerie,bras,panties,swim;generalist:jackets,accessories;vision_screenshot:0.10",1,,2025-11-07T12:56:54.359844,2025-11-07T12:57:01.307446,http+vision,91,9
item-m6.com,Bodywear Leaning,0.4211538461538462,0.3923076923076923,0.45,"bodywear:shapewear;generalist:jeans,beauty;vision_screenshot:0.45",1,,2025-11-07T12:28:10.394311,2025-11-07T12:28:18.152341,http+vision,54,10
indesmalla.com,Bodywear Leaning,0.4197674418604651,0.7895348837209303,0.05,bodywear:lingerie;generalist:outerwear;vision_screenshot:0.05,1,,2025-11-07T16:17:29.361967,2025-11-07T16:17:34.196104,http+vision,81,9
carlross.de,Bodywear Leaning,0.4166666666666667,0.2833333333333333,0.55,bodywear:nachtwäsche;generalist:home;vision_screenshot:0.55,1,,2025-11-07T16:19:43.091157,2025-11-07T16:19:47.583154,http+vision,13,1
liebaert.com,Bodywear Leaning,0.413,0.776,0.05,bodywear:lingerie;generalist:home;vision_screenshot:0.05,1,,2025-11-07T15:17:24.428075,2025-11-07T15:18:24.797746,http+vision,68,1
trigema.de,Bodywear Leaning,0.408,0.408,,"bodywear:underwear,nightwear,swimwear;generalist:jackets,accessoires",0,,2025-11-07T16:41:47.524595,2025-11-07T16:41:51.784625,http,145,9
209mare.com,Bodywear Leaning,0.405,0.0,0.45,vision_screenshot:0.45;text_extraction_failed,1,,2025-11-07T12:09:58.581609,2025-11-07T12:10:12.904122,playwright,0,0
missmary.se,Bodywear Leaning,0.405,0.0,0.45,vision_screenshot:0.45;text_extraction_failed,1,,2025-11-07T17:02:30.448139,2025-11-07T17:02:34.596336,playwright,0,0
girlsmusthave.com,Bodywear Leaning,0.4,0.8,0.0,bodywear:swim;vision_screenshot:0.00,1,,2025-11-07T16:12:27.956446,2025-11-07T16:12:31.830313,http+vision,77,4
simone-perele.fr,Bodywear Leaning,0.4,0.8,0.0,"bodywear:lingerie,shapewear,loungewear,nuit;generalist:accessoires;vision_screenshot:0.00",1,,2025-11-07T16:20:14.615669,2025-11-07T16:20:18.470334,http+vision,146,10
wacoallingerie.com,Pure Bodywear,0.9950248756218906,0.9950248756218906,,"bodywear:lingerie,bras,briefs,nightwear,shapewear",0,,2025-11-07T13:22:51.699160,2025-11-07T13:22:54.142937,http,146,10
elomilingerie.com,Pure Bodywear,0.9948453608247424,0.9948453608247424,,"bodywear:lingerie,bras,briefs,swimwear,swim",0,,2025-11-07T13:27:39.524149,2025-11-07T13:27:42.416807,http,146,10
beachnbeyond.com,Pure Bodywear,0.9942857142857144,0.9942857142857144,,bodywear:bikini,0,,2025-11-07T16:17:02.248546,2025-11-07T16:17:02.853830,http,150,7
wacoallingerie.fr,Pure Bodywear,0.9942196531791908,0.9942196531791908,,"bodywear:lingerie,shapewear,slips,nuit",0,,2025-11-07T16:10:51.882648,2025-11-07T16:11:14.552989,http,146,10
freyalingerie.com,Pure Bodywear,0.9935483870967742,0.9935483870967742,,"bodywear:lingerie,bras,briefs,nightwear,swimwear",0,,2025-11-07T12:25:07.885520,2025-11-07T12:25:09.451136,http,149,10
doralarsen.com,Pure Bodywear,0.9932432432432432,0.9932432432432432,,"bodywear:lingerie,bras,briefs,swim,bikini",0,,2025-11-07T12:22:59.665173,2025-11-07T12:23:00.521166,http,124,9
piege-lingerie.com,Pure Bodywear,0.98989898989899,0.98989898989899,,"bodywear:shapewear,slip,boxer,string,tanga",0,,2025-11-07T13:21:28.128041,2025-11-07T13:21:31.776822,http,108,10
huit.com,Pure Bodywear,0.989010989010989,0.989010989010989,,"bodywear:lingerie,underwear,bra,bras,nightwear",0,,2025-11-07T14:28:18.983211,2025-11-07T14:28:19.966472,http,99,8
valnue.com,Pure Bodywear,0.9882352941176472,0.9882352941176472,,"bodywear:lingerie,bra,bras,sleepwear,swimwear",0,,2025-11-07T14:42:25.078091,2025-11-07T14:42:25.774664,http,109,10
triumph-jo.com,Pure Bodywear,0.9878048780487804,0.9878048780487804,,"bodywear:bra,bras,briefs,shapewear,swimwear",0,,2025-11-07T13:12:06.107965,2025-11-07T13:12:06.506007,http,119,10
playfulpromises.com,Pure Bodywear,0.9868098159509202,0.9868098159509202,,"bodywear:lingerie,underwear,bra,bras,briefs;generalist:outerwear",0,,2025-11-07T13:10:57.471814,2025-11-07T13:10:59.124278,http,95,7
livera.nl,Pure Bodywear,0.9864864864864864,0.9864864864864864,,"bodywear:lingerie,shapewear,loungewear,boxers,bh",0,,2025-11-07T12:34:14.726559,2025-11-07T12:34:16.099067,http,61,5
boeckmann-mode.de,Pure Bodywear,0.9859154929577464,0.9859154929577464,,bodywear:lingerie,0,,2025-11-07T16:51:18.133643,2025-11-07T16:51:19.363716,http,92,10
pourmoi.co.uk,Pure Bodywear,0.9857615894039736,0.9857615894039736,,"bodywear:lingerie,bras,nightwear,shapewear,hosiery;generalist:outerwear",0,,2025-11-07T13:11:08.971933,2025-11-07T13:11:10.112170,http,95,10
olly-lingerie.com,Pure Bodywear,0.9830508474576272,0.9830508474576272,,"bodywear:lingerie,maillots",0,,2025-11-07T12:37:36.511336,2025-11-07T12:37:37.113757,http,65,8
hom.com,Pure Bodywear,0.9803921568627452,0.9803921568627452,,"bodywear:pyjamas,loungewear,boxers,slips,sous-vêtements",0,,2025-11-07T13:28:19.490879,2025-11-07T13:28:27.398859,http,91,10
fashionshopping.dk,Pure Bodywear,0.9803921568627452,0.9803921568627452,,bodywear:bh,0,,2025-11-07T17:16:22.086104,2025-11-07T17:16:23.385797,http,41,9
femilet.dk,Pure Bodywear,0.979591836734694,0.979591836734694,,bodywear:bh,0,,2025-11-07T12:24:30.201705,2025-11-07T12:24:31.478636,http,63,5
bluelemon.ch,Pure Bodywear,0.979591836734694,0.979591836734694,,"bodywear:lingerie,underwear,swimwear,loungewear",0,,2025-11-07T16:29:44.028496,2025-11-07T16:29:44.769271,http,130,10
hunkemoller.nl,Pure Bodywear,0.979591836734694,0.979591836734694,,"bodywear:lingerie,bra,bodywear,bh,slips",0,,2025-11-07T17:11:26.936325,2025-11-07T17:11:27.231811,http,43,10
calida.com,Pure Bodywear,0.9791666666666666,0.9791666666666666,,"bodywear:underwear,bra,bras,briefs,nightwear",0,,2025-11-07T13:03:07.435455,2025-11-07T13:03:08.198057,http,97,5
kikidm.com,Pure Bodywear,0.9791666666666666,0.9791666666666666,,"bodywear:lingerie,bra,bras,panties,pajamas",0,,2025-11-07T13:15:28.062505,2025-11-07T13:15:29.222938,http,100,9
prettypolly.co.uk,Pure Bodywear,0.9787234042553192,0.9787234042553192,,"bodywear:lingerie,shapewear,hosiery",0,,2025-11-07T13:11:10.365211,2025-11-07T13:11:11.087055,http,100,10
louisabracq.com,Pure Bodywear,0.9782608695652174,0.9782608695652174,,"bodywear:bra,bras,briefs,panties,boxer",0,,2025-11-07T12:34:16.460059,2025-11-07T12:34:17.100242,http,90,10
softrevolt.com,Pure Bodywear,0.9782608695652174,0.9782608695652174,,"bodywear:bh,slip,slips,string",0,,2025-11-07T13:22:18.244965,2025-11-07T13:22:19.504112,http,76,9
simoneperele.com,Pure Bodywear,0.9782608695652174,0.9782608695652174,,"bodywear:lingerie,bras,briefs,panties,shapewear",0,,2025-11-07T14:02:00.517071,2025-11-07T14:02:04.110195,http,148,8
huber-bodywear.com,Pure Bodywear,0.9777777777777776,0.9777777777777776,,"bodywear:shapewear,loungewear,slips,unterwäsche,nachtwäsche",0,,2025-11-07T16:27:46.000275,2025-11-07T16:27:46.381032,http,91,7
felina.com,Pure Bodywear,0.9772727272727272,0.9772727272727272,,"bodywear:lingerie,bra,bras,panties,sleepwear",0,,2025-11-07T14:14:56.728181,2025-11-07T14:14:57.376430,http,141,10
cdlp.com,Pure Bodywear,0.9772727272727272,0.9772727272727272,,"bodywear:underwear,bras,swimwear,swim,boxer",0,,2025-11-07T16:28:59.879828,2025-11-07T16:29:00.592447,http,49,5
rosmelingerie.com,Pure Bodywear,0.9761904761904762,0.9761904761904762,,"bodywear:underwear,bras,briefs,nightwear,pajamas",0,,2025-11-07T16:21:19.817112,2025-11-07T16:21:21.119776,http,103,10
skiny.com,Pure Bodywear,0.975,0.975,,"bodywear:loungewear,slips,pyjama,unterwäsche,nachtwäsche",0,,2025-11-07T12:41:26.117468,2025-11-07T12:41:26.876206,http,91,9
speidel-lingerie.de,Pure Bodywear,0.975,0.975,,"bodywear:shapewear,bh,slip,slips,string",0,,2025-11-07T16:31:35.552044,2025-11-07T16:31:35.883495,http,54,8
speidelshop.com,Pure Bodywear,0.975,0.975,,"bodywear:shapewear,bh,slip,slips,string",0,,2025-11-07T16:39:48.399626,2025-11-07T16:39:48.616388,http,54,8
marliesdekkers.com,Pure Bodywear,0.9736,0.9736,,"bodywear:lingerie,bras,briefs,bikini,tanga;generalist:accessories",0,,2025-11-07T12:35:30.976980,2025-11-07T12:35:31.686791,http,100,6
comfyballs.no,Pure Bodywear,0.972972972972973,0.972972972972973,,"bodywear:bh,string,hipster",0,,2025-11-07T16:36:51.549512,2025-11-07T16:36:52.001330,http,112,10
fantasie.com,Pure Bodywear,0.9723602484472048,0.9723602484472048,,"bodywear:lingerie,underwear,bras,nightwear,swimwear;generalist:accessories",0,,2025-11-07T13:08:11.228742,2025-11-07T13:08:13.374263,http,149,10
abecita.se,Pure Bodywear,0.9714285714285714,0.9714285714285714,,"bodywear:underwear,bra,bras,panties,swimwear",0,,2025-11-07T13:23:06.499448,2025-11-07T13:23:07.341348,http,98,10
cadolle.com,Pure Bodywear,0.9714285714285714,0.9714285714285714,,"bodywear:lingerie,bras,briefs,panties,pyjamas",0,,2025-11-07T14:29:52.587904,2025-11-07T14:29:53.638777,http,44,1
boutique-arthur.com,Pure Bodywear,0.9713333333333334,0.9713333333333334,,"bodywear:pyjamas,boxers,slips,pyjama,sous-vêtements;generalist:maison",0,,2025-11-07T12:11:42.992417,2025-11-07T12:11:44.001569,http,150,7
arthur.fr,Pure Bodywear,0.9713333333333334,0.9713333333333334,,"bodywear:pyjamas,boxers,slips,pyjama,sous-vêtements;generalist:maison",0,,2025-11-07T14:08:52.679258,2025-11-07T14:08:53.293746,http,150,7
moretta.biz,Pure Bodywear,0.9696969696969696,0.9696969696969696,,"bodywear:slip,boxer",0,,2025-11-07T13:20:41.971867,2025-11-07T13:20:45.389412,http,84,0
swegmark.se,Pure Bodywear,0.9696969696969696,0.9696969696969696,,bodywear:bh,0,,2025-11-07T14:02:09.580004,2025-11-07T14:02:10.345435,http,94,10
lingerieroomofficial.co.uk,Pure Bodywear,0.9696969696969696,0.9696969696969696,,"bodywear:lingerie,bras,briefs,nightwear,knickers",0,,2025-11-07T14:28:05.656638,2025-11-07T14:28:06.567777,http,54,9
agdastudios.com,Pure Bodywear,0.96875,0.96875,,"bodywear:swimwear,bikini",0,,2025-11-07T16:04:23.049248,2025-11-07T16:04:23.506986,http,33,10
us.chantelle.com,Pure Bodywear,0.967741935483871,0.967741935483871,,"bodywear:bra,bras,panties,bikini,thong",0,,2025-11-07T12:21:24.649007,2025-11-07T12:21:25.093675,http,104,8
byrroselingerie.com,Pure Bodywear,0.967741935483871,0.967741935483871,,bodywear:lingerie,0,,2025-11-07T13:21:38.564345,2025-11-07T13:21:39.547785,http,37,9
ambassador1867.com,Pure Bodywear,0.967741935483871,0.967741935483871,,"bodywear:pyjamas,boxershorts",0,,2025-11-07T16:11:22.495197,2025-11-07T16:11:23.778261,http,96,10
marcandandre.com,Pure Bodywear,0.9666666666666668,0.9666666666666668,,"bodywear:lingerie,loungewear",0,,2025-11-07T16:21:13.564709,2025-11-07T16:21:17.952520,http,30,8
bluebella.com,Pure Bodywear,0.9660305343511448,0.9660305343511448,,"bodywear:lingerie,bra,bras,nightwear,swimwear;generalist:accessories",0,,2025-11-07T12:14:18.429299,2025-11-07T12:14:19.245565,http,146,9
scandale.com,Pure Bodywear,0.9647540983606556,0.9647540983606556,,"bodywear:lingerie,string,tanga,soutien-gorge,culotte;generalist:maison",0,,2025-11-07T16:09:30.945479,2025-11-07T16:09:31.731934,http,94,10
eminence.fr,Pure Bodywear,0.9642857142857144,0.9642857142857144,,"bodywear:pyjamas,boxers,slips,sous-vêtements",0,,2025-11-07T13:27:42.941957,2025-11-07T13:27:50.816143,http,50,8
simone-perele.com,Pure Bodywear,0.9638211382113822,0.9638211382113822,,"bodywear:lingerie,bras,panties,nightwear,shapewear;generalist:accessories",0,,2025-11-07T13:11:29.846445,2025-11-07T13:11:30.406280,http,144,8
rougegorge.com,Pure Bodywear,0.9632231404958678,0.9632231404958678,,"bodywear:lingerie,pyjamas,sous-vêtements,soutien-gorge,maillot de bain;generalist:vestes",0,,2025-11-07T12:39:11.520650,2025-11-07T12:39:39.101829,http,133,1
modibodi.co.uk,Pure Bodywear,0.9629629629629628,0.9629629629629628,,"bodywear:lingerie,underwear,bras,briefs,sleepwear",0,,2025-11-07T13:20:39.654500,2025-11-07T13:20:41.583519,http,94,10
cybele-lingerie.de,Pure Bodywear,0.96,0.96,,bodywear:bras,0,,2025-11-07T12:22:23.838422,2025-11-07T12:22:24.693972,http,50,1
naturana.com,Pure Bodywear,0.96,0.96,,bodywear:bras,0,,2025-11-07T12:36:29.743111,2025-11-07T12:36:31.433137,http,50,1
naturana.de,Pure Bodywear,0.96,0.96,,bodywear:bras,0,,2025-11-07T16:10:37.587798,2025-11-07T16:10:39.167553,http,50,1
lovane-lingerie.com,Pure Bodywear,0.96,0.96,,"bodywear:lingerie,culotte,maillots,shorty",0,,2025-11-07T16:18:52.224279,2025-11-07T16:18:53.044863,http,70,9
ulla.de,Pure Bodywear,0.96,0.96,,"bodywear:lingerie,bh,slips,dessous,bademode",0,,2025-11-07T16:31:14.251522,2025-11-07T16:31:14.923112,http,65,5
annadiva.nl,Pure Bodywear,0.9585185185185184,0.9585185185185184,,"bodywear:lingerie,swim,bikini,ondergoed,bh;generalist:accessoires,sieraden",0,,2025-11-07T13:02:31.332518,2025-11-07T13:02:31.897738,http,62,2
goldenhourlingerie.com,Pure Bodywear,0.9583333333333334,0.9583333333333334,,"bodywear:lingerie,soutien-gorge,culotte",0,,2025-11-07T13:14:52.672665,2025-11-07T13:14:53.725300,http,26,7
ladymate.com,Pure Bodywear,0.9565789473684212,0.9565789473684212,,"bodywear:lingerie,underwear,bra,bras,briefs;generalist:home",0,,2025-11-07T17:31:38.247310,2025-11-07T17:31:39.892641,http,99,1
carami.it,Pure Bodywear,0.9565217391304348,0.9565217391304348,,"bodywear:loungewear,slip,culotte,intimo,reggiseno",0,,2025-11-07T16:17:03.117194,2025-11-07T16:17:03.788072,http,78,9
fleurofengland.com,Pure Bodywear,0.9552,0.9552,,"bodywear:lingerie,bras,briefs,nightwear,hosiery;generalist:accessories",0,,2025-11-07T13:14:31.545117,2025-11-07T13:14:35.751407,http,93,7
jockey.de,Pure Bodywear,0.9523809523809524,0.9523809523809524,,"bodywear:bras,briefs,boxers,trunks,boxer",0,,2025-11-07T13:08:57.086802,2025-11-07T13:08:57.805299,http,54,9
wolflingerie.com,Pure Bodywear,0.9523809523809524,0.9523809523809524,,bodywear:lingerie,0,,2025-11-07T13:12:26.621824,2025-11-07T13:12:27.410022,http,24,7
dot76.it,Pure Bodywear,0.9523809523809524,0.9523809523809524,,bodywear:lingerie,0,,2025-11-07T13:13:54.165320,2025-11-07T13:13:55.371077,http,117,8
eu.hofsilk.com,Pure Bodywear,0.9523809523809524,0.9523809523809524,,"bodywear:lingerie,bras,panties,pyjamas,swimwear",0,,2025-11-07T14:42:24.213584,2025-11-07T14:42:24.819666,http,33,1
kalyora.com,Pure Bodywear,0.9523809523809524,0.9523809523809524,,bodywear:swimwear,0,,2025-11-07T16:19:15.079484,2025-11-07T16:19:15.995543,http,140,10
seafolly.com,Pure Bodywear,0.9511363636363636,0.9511363636363636,,"bodywear:swimwear,swim,bikini,hipster;generalist:accessories",0,,2025-11-07T16:39:46.627762,2025-11-07T16:39:47.610815,http,99,10
beliza.fr,Pure Bodywear,0.95,0.95,,"bodywear:lingerie,swimwear,maillot de bain",0,,2025-11-07T12:12:32.526663,2025-11-07T12:12:33.518480,http,23,9
dorina.com,Pure Bodywear,0.95,0.95,,"bodywear:lingerie,bras,briefs,sleepwear,loungewear",0,,2025-11-07T12:22:24.958026,2025-11-07T12:22:25.510909,http,60,6
undiz.com,Pure Bodywear,0.95,0.95,,"bodywear:lingerie,pyjamas;generalist:accessoires",0,,2025-11-07T13:12:07.880694,2025-11-07T13:12:08.446779,http,97,4
roesch-fashion.com,Pure Bodywear,0.95,0.95,,"bodywear:pyjamas,loungewear,nachtwäsche,bademode",0,,2025-11-07T16:19:54.166980,2025-11-07T16:19:54.403039,http,102,10
roesch-fashion.de,Pure Bodywear,0.95,0.95,,"bodywear:pyjamas,loungewear,nachtwäsche,bademode",0,,2025-11-07T16:39:36.216423,2025-11-07T16:39:36.748457,http,102,10
lingeriebycoco.com,Pure Bodywear,0.947560975609756,0.947560975609756,,"bodywear:lingerie,bra,panties,loungewear;generalist:accessories",0,,2025-11-07T13:13:40.422041,2025-11-07T13:13:41.228708,http,27,8
lovable.it,Pure Bodywear,0.9473684210526316,0.9473684210526316,,"bodywear:slip,boxer,intimo,reggiseno",0,,2025-11-07T12:34:26.689111,2025-11-07T12:34:27.490718,http,52,4
davidnieper.co.uk,Pure Bodywear,0.9473684210526316,0.9473684210526316,,"bodywear:lingerie,nightwear",0,,2025-11-07T17:04:00.139015,2025-11-07T17:04:00.468282,http,20,8
bellycloud.com,Pure Bodywear,0.9473684210526316,0.9473684210526316,,"bodywear:shapewear,slip,slips",0,,2025-11-07T17:19:35.018459,2025-11-07T17:19:35.521891,http,16,10
davidgandywellwear.com,Pure Bodywear,0.9444444444444444,0.9444444444444444,,"bodywear:underwear,pyjamas,swim",0,,2025-11-07T12:22:36.608629,2025-11-07T12:22:37.492380,http,106,9
heist-studios.com,Pure Bodywear,0.9444444444444444,0.9444444444444444,,"bodywear:underwear,briefs,shapewear,slips",0,,2025-11-07T14:29:58.930532,2025-11-07T14:30:01.332192,http,54,9
esquisse-lingerie.com,Pure Bodywear,0.9444444444444444,0.9444444444444444,,"bodywear:lingerie,maillots",0,,2025-11-07T16:18:55.638407,2025-11-07T16:18:56.385087,http,20,4
byebra.com,Pure Bodywear,0.9443661971830986,0.9443661971830986,,"bodywear:underwear,bras,shapewear;generalist:accessories",0,,2025-11-07T13:26:35.856309,2025-11-07T13:26:38.295147,http,147,10
lingerielanouvelle.com,Pure Bodywear,0.9434210526315788,0.9434210526315788,,"bodywear:lingerie,sous-vêtements;generalist:kids",0,,2025-11-07T16:19:47.900652,2025-11-07T16:19:48.291339,http,48,4
pierrerobert.no,Pure Bodywear,0.9411764705882352,0.9411764705882352,,bodywear:boxer,0,,2025-11-07T12:38:39.130807,2025-11-07T12:38:39.487185,http,45,1
bestform-lingerie.com,Pure Bodywear,0.9411764705882352,0.9411764705882352,,"bodywear:lingerie,soutien-gorge",0,,2025-11-07T13:12:52.520100,2025-11-07T13:12:53.444256,http,14,10
verdiani.it,Pure Bodywear,0.9411764705882352,0.9411764705882352,,"bodywear:nightwear,loungewear",0,,2025-11-07T13:22:43.912734,2025-11-07T13:22:47.992494,http,73,10
xintima.com,Pure Bodywear,0.9411764705882352,0.9411764705882352,,"bodywear:nightwear,pyjamas,pyjama",0,,2025-11-07T16:10:06.789343,2025-11-07T16:10:08.098246,http,85,10
coco-de-mer.com,Pure Bodywear,0.9411764705882352,0.9411764705882352,,"bodywear:lingerie,bra,bras,nightwear,hosiery",0,,2025-11-07T16:19:25.440369,2025-11-07T16:19:25.929222,http,51,10
boxerman.de,Pure Bodywear,0.9411764705882352,0.9411764705882352,,"bodywear:briefs,trunks,slips,boxershorts,boxer",0,,2025-11-07T16:28:15.153197,2025-11-07T16:28:15.307995,http,52,0
houseofdesire.com,Pure Bodywear,0.9402777777777778,0.9402777777777778,,"bodywear:lingerie,bra,panties;generalist:accessories",0,,2025-11-07T16:17:13.251934,2025-11-07T16:17:14.001997,http,85,10
bouxavenue.com,Pure Bodywear,0.9402654867256638,0.9402654867256638,,"bodywear:lingerie,underwear,bra,bras,nightwear;generalist:kids,accessories",0,,2025-11-07T13:02:43.267994,2025-11-07T13:03:04.493204,http,92,4
eu.triumph.com,Pure Bodywear,0.9385714285714284,0.9385714285714284,,"bodywear:lingerie,bh,slips;generalist:accessories",0,,2025-11-07T12:56:35.560246,2025-11-07T12:56:36.234653,http,46,10
triumph.com,Pure Bodywear,0.9385714285714284,0.9385714285714284,,"bodywear:lingerie,bh,slips;generalist:accessories",0,,2025-11-07T14:02:10.663238,2025-11-07T14:02:11.603890,http,46,10
jakosportkleding.nl,Pure Bodywear,0.9375,0.9375,,"bodywear:underwear,sokken",0,,2025-11-07T12:28:46.874925,2025-11-07T12:28:47.566790,http,100,4
21mars.com,Pure Bodywear,0.9375,0.9375,,"bodywear:lingerie,sous-vêtements,soutien-gorge,culotte,shorty",0,,2025-11-07T13:12:29.204513,2025-11-07T13:12:30.422408,http,68,10
seliarichwood.com,Pure Bodywear,0.9375,0.9375,,"bodywear:lingerie,bras,panties,sleepwear,swimwear",0,,2025-11-07T16:06:31.974285,2025-11-07T16:06:32.452820,http,119,8
charlott.fr,Pure Bodywear,0.9375,0.9375,,bodywear:lingerie,0,,2025-11-07T17:24:16.007079,2025-11-07T17:24:17.254479,http,37,10
darjeeling.fr,Pure Bodywear,0.9333333333333332,0.9333333333333332,,"bodywear:lingerie,pyjamas,soutien-gorge",0,,2025-11-07T12:22:35.808869,2025-11-07T12:22:36.326823,http,17,4
tuttirouge.com,Pure Bodywear,0.9333333333333332,0.9333333333333332,,"bodywear:lingerie,bras,briefs",0,,2025-11-07T12:56:36.514481,2025-11-07T12:56:38.029551,http,83,10
oroblu.com,Pure Bodywear,0.9333333333333332,0.9333333333333332,,"bodywear:slip,intimo,reggiseno",0,,2025-11-07T13:31:37.979938,2025-11-07T13:31:41.264257,http,91,10
lingadore.com,Pure Bodywear,0.9328125,0.9328125,,"bodywear:bra,bras,briefs,swimwear,slips;generalist:accessories",0,,2025-11-07T13:29:33.923884,2025-11-07T13:29:35.730785,http,41,9
happyshorts.com,Pure Bodywear,0.9285714285714286,0.9285714285714286,,"bodywear:trunks,boxershorts,unterwäsche",0,,2025-11-07T12:26:55.366340,2025-11-07T12:26:56.124839,http,22,9
hunkemoller.dk,Pure Bodywear,0.9282608695652176,0.9282608695652176,,"bodywear:bodywear,bh;generalist:accessories",0,,2025-11-07T17:11:28.440026,2025-11-07T17:11:28.980304,http,85,10
lovestoriesintimates.com,Pure Bodywear,0.9266666666666666,0.9266666666666666,,"bodywear:lingerie,bras,briefs,pyjamas,loungewear;generalist:accessories",0,,2025-11-07T12:34:27.756045,2025-11-07T12:34:28.268161,http,92,0
lingadore.nl,Pure Bodywear,0.9258333333333334,0.9258333333333334,,"bodywear:bh,slips,badmode,hipster;generalist:accessoires",0,,2025-11-07T12:34:09.330667,2025-11-07T12:34:12.933875,http,41,9
underprotection.eu,Pure Bodywear,0.9243333333333332,0.9243333333333332,,"bodywear:lingerie,bras,briefs,panties,pyjamas;generalist:accessories,bags",0,,2025-11-07T12:56:41.172598,2025-11-07T12:56:41.797838,http,148,8
magicbodyfashion.com,Pure Bodywear,0.9243243243243244,0.9243243243243244,,"bodywear:bra,panties,shapewear;generalist:outerwear,beauty",0,,2025-11-07T13:20:25.499923,2025-11-07T13:20:26.634942,http,94,10
magicbodyfashion.fr,Pure Bodywear,0.9243243243243244,0.9243243243243244,,"bodywear:bra,panties,shapewear;generalist:outerwear,beauty",0,,2025-11-07T16:09:58.765520,2025-11-07T16:09:59.991131,http,94,10
magicbodyfashion.net,Pure Bodywear,0.9243243243243244,0.9243243243243244,,"bodywear:bra,panties,shapewear;generalist:outerwear,beauty",0,,2025-11-07T16:22:27.684335,2025-11-07T16:22:29.032652,http,94,10
wunderwear.dk,Pure Bodywear,0.9232142857142858,0.9232142857142858,,"bodywear:pyjamas,shapewear,loungewear,bh;generalist:sneaker",0,,2025-11-07T16:20:18.759562,2025-11-07T16:20:20.962210,http,97,9
ceceba.com,Pure Bodywear,0.9230769230769232,0.9230769230769232,,"bodywear:pyjamas,loungewear,slips,boxershorts,pyjama",0,,2025-11-07T13:03:11.932992,2025-11-07T13:03:12.506628,http,52,10
marjolaine.fr,Pure Bodywear,0.9230769230769232,0.9230769230769232,,"bodywear:lingerie,pyjamas,maillots,nuit",0,,2025-11-07T13:30:12.384081,2025-11-07T13:30:13.394563,http,40,1
stripeandstare.com,Pure Bodywear,0.9195121951219511,0.9195121951219511,,"bodywear:underwear,bra,bras,knickers,boxers;generalist:bags",0,,2025-11-07T12:54:28.126484,2025-11-07T12:54:29.438669,http,131,9
hesperfox.com,Pure Bodywear,0.9175,0.9175,,"bodywear:lingerie,sleepwear,pyjamas,swimwear,slips;generalist:kids",0,,2025-11-07T13:08:40.913905,2025-11-07T13:08:41.496201,http,56,8
ladybelty.com,Pure Bodywear,0.9173076923076924,0.9173076923076924,,"bodywear:panties,pyjamas,bikini,thong;generalist:kids",0,,2025-11-07T15:19:48.959816,2025-11-07T15:20:10.571611,http,46,7
cyell.com,Pure Bodywear,0.9166666666666666,0.9166666666666666,,"bodywear:swimwear,bikini",0,,2025-11-07T12:15:32.794920,2025-11-07T12:15:33.691644,http,17,8
susa-shop.de,Pure Bodywear,0.9150537634408602,0.9150537634408602,,"bodywear:panties,shapewear,bh,slips;generalist:accessoires",0,,2025-11-07T13:22:19.772805,2025-11-07T13:22:20.502277,http,108,3
mcalson.com,Pure Bodywear,0.9127450980392156,0.9127450980392156,,"bodywear:briefs,pyjamas,swimwear,swim,boxers;generalist:kids",0,,2025-11-07T14:08:51.129539,2025-11-07T14:08:51.943067,http,61,5
pierremantoux.com,Pure Bodywear,0.9104166666666668,0.9104166666666668,,"bodywear:hosiery,bikini,bodywear;generalist:home",0,,2025-11-07T13:21:32.027134,2025-11-07T13:21:34.164331,http,97,9
curvykate.com,Pure Bodywear,0.9090909090909092,0.9090909090909092,,"bodywear:lingerie,bra,bras,swimwear",0,,2025-11-07T12:22:22.775227,2025-11-07T12:22:23.558976,http,136,10
inbloom.online,Pure Bodywear,0.9090909090909092,0.9090909090909092,,"bodywear:sleepwear,pajamas,loungewear",0,,2025-11-07T16:09:28.829112,2025-11-07T16:09:29.499706,http,107,8
rjbodywear.com,Pure Bodywear,0.9046218487394958,0.9046218487394958,,"bodywear:shapewear,ondergoed,slip,slips,boxershorts;generalist:accessoires",0,,2025-11-07T13:07:52.072151,2025-11-07T13:07:52.686062,http,148,0
etam.com,Pure Bodywear,0.9046218487394958,0.9046218487394958,,"bodywear:lingerie,pyjamas,loungewear;generalist:accessoires",0,,2025-11-07T16:22:29.324776,2025-11-07T16:22:29.638570,http,97,7
lisecharmel.com,Pure Bodywear,0.9022727272727272,0.9022727272727272,,"bodywear:lingerie,bras,briefs,panties,pyjamas;generalist:accessories",0,,2025-11-07T12:34:13.409863,2025-11-07T12:34:14.329155,http,47,10
carriwell.com,Pure Bodywear,0.9,0.9,,"bodywear:bra,panties,swimwear",0,,2025-11-07T12:16:55.757134,2025-11-07T12:16:57.281149,http,65,8
madiva.it,Pure Bodywear,0.9,0.9,,"bodywear:nightwear,intimo",0,,2025-11-07T13:20:24.015996,2025-11-07T13:20:25.214098,http,98,9
syversen.com,Pure Bodywear,0.9,0.9,,bodywear:bikini,0,,2025-11-07T16:29:29.608033,2025-11-07T16:29:30.057453,http,123,9
charliechoe.com,Pure Bodywear,0.8988636363636363,0.8988636363636363,,"bodywear:nightwear,pyjamas,slip,pyjama;generalist:home,accessories",0,,2025-11-07T14:26:12.308522,2025-11-07T14:26:12.948600,http,102,9
normann.de,Pure Bodywear,0.896875,0.896875,,"bodywear:pyjamas,slips,pyjama,unterwäsche,nachtwäsche;generalist:kinder",0,,2025-11-07T16:27:56.589324,2025-11-07T16:27:56.892207,http,98,10
isabodywear.ch,Pure Bodywear,0.896875,0.896875,,"bodywear:pyjamas,loungewear,slip,boxershorts,pyjama;generalist:jacken",0,,2025-11-07T16:36:43.473346,2025-11-07T16:36:44.045497,http,99,10
waescheland.com,Pure Bodywear,0.896875,0.896875,,"bodywear:pyjamas,slips,pyjama,unterwäsche,nachtwäsche;generalist:kinder",0,,2025-11-07T16:51:10.902822,2025-11-07T16:51:11.144056,http,98,10
empreinte.eu,Pure Bodywear,0.8943396226415095,0.8943396226415095,,"bodywear:lingerie,bra,bras,loungewear,thong;generalist:home,accessories,maison",0,,2025-11-07T13:13:55.724235,2025-11-07T13:13:56.747959,http,50,8
redpointbeachwear.com,Pure Bodywear,0.8940476190476191,0.8940476190476191,,"bodywear:bikini,bañador;generalist:kids",0,,2025-11-07T16:31:57.494408,2025-11-07T16:32:00.112557,http,77,10
derek-rose.com,Pure Bodywear,0.8925000000000001,0.8925000000000001,,"bodywear:underwear,briefs,pyjamas,swim,trunks;generalist:jackets",0,,2025-11-07T13:13:49.151240,2025-11-07T13:13:50.993263,http,50,9
leonisa.eu,Pure Bodywear,0.8888888888888888,0.8888888888888888,,"bodywear:lingerie,underwear,ropa interior",0,,2025-11-07T16:06:07.062310,2025-11-07T16:06:08.389593,http,5,10
lisca.si,Pure Bodywear,0.8888888888888888,0.8888888888888888,,"bodywear:briefs,string",0,,2025-11-07T16:20:27.113016,2025-11-07T16:20:27.545071,http,98,10
timoteo.net,Pure Bodywear,0.8888888888888888,0.8888888888888888,,"bodywear:underwear,briefs,swimwear,swim,trunks",0,,2025-11-07T17:13:44.985315,2025-11-07T17:13:45.250332,http,45,9
lingerielechat.com,Pure Bodywear,0.8862068965517241,0.8862068965517241,,"bodywear:nightwear,pyjamas,loungewear,pyjama;generalist:jackets",0,,2025-11-07T13:15:45.043399,2025-11-07T13:15:46.262683,http,94,9
conzelmann.de,Pure Bodywear,0.8821428571428572,0.8821428571428572,,"bodywear:loungewear,bh,slips,string,hipster;generalist:home",0,,2025-11-07T16:36:20.089209,2025-11-07T16:36:20.596362,http,61,7
ninavonc.de,Pure Bodywear,0.8821428571428572,0.8821428571428572,,"bodywear:loungewear,bh,slips,string,hipster;generalist:home",0,,2025-11-07T16:39:21.945086,2025-11-07T16:39:22.361627,http,61,7
hunkemoller.com,Pure Bodywear,0.8808510638297872,0.8808510638297872,,"bodywear:lingerie,bra,bras,nightwear,bodywear;generalist:home,accessories",0,,2025-11-07T13:28:27.869520,2025-11-07T13:28:29.369677,http,85,3
floralastraioli.com,Pure Bodywear,0.875,0.875,,"bodywear:lingerie,underwear,nightwear",0,,2025-11-07T13:14:36.047130,2025-11-07T13:14:39.062814,http,14,9
passionata.com,Pure Bodywear,0.875,0.875,,"bodywear:lingerie,loungewear",0,,2025-11-07T13:31:41.565491,2025-11-07T13:31:42.382955,http,6,4
erlich-textil.de,Pure Bodywear,0.875,0.875,,"bodywear:unterwäsche,nachtwäsche",0,,2025-11-07T16:29:54.491451,2025-11-07T16:29:54.830085,http,57,10
frankdandy.com,Pure Bodywear,0.8691176470588236,0.8691176470588236,,"bodywear:underwear,bras,panties,swim,undies;generalist:kids",0,,2025-11-07T13:08:16.276795,2025-11-07T13:08:16.594142,http,103,4
lisca.de,Pure Bodywear,0.8691176470588236,0.8691176470588236,,"bodywear:briefs,bh,slip,slips,string;generalist:accessoires",0,,2025-11-07T16:29:55.511532,2025-11-07T16:29:55.939234,http,98,10
escora-dessous.de,Pure Bodywear,0.8657894736842104,0.8657894736842104,,"bodywear:shapewear,loungewear,bh,slip,slips;generalist:accessoires,mäntel,taschen",0,,2025-11-07T12:23:32.205795,2025-11-07T12:24:14.530723,firecrawl,150,20
benibeca.com,Pure Bodywear,0.8571428571428571,0.8571428571428571,,bodywear:swim,0,,2025-11-07T12:12:48.110831,2025-11-07T12:12:49.043225,http,59,9
sassa.eu,Pure Bodywear,0.8571428571428571,0.8571428571428571,,"bodywear:panties,loungewear,slips,unterwäsche,bademode",0,,2025-11-07T13:21:45.938335,2025-11-07T13:21:46.471417,http,61,10
swedishstockings.com,Pure Bodywear,0.8571428571428571,0.8571428571428571,,bodywear:shapewear,0,,2025-11-07T13:22:20.779265,2025-11-07T13:22:21.466982,http,54,10
chantylace.com,Pure Bodywear,0.8571428571428571,0.8571428571428571,,"bodywear:lingerie,briefs",0,,2025-11-07T14:28:18.062213,2025-11-07T14:28:18.704463,http,49,9
sassamode.com,Pure Bodywear,0.8571428571428571,0.8571428571428571,,"bodywear:panties,loungewear,slips,unterwäsche,bademode",0,,2025-11-07T16:19:38.193607,2025-11-07T16:19:38.539867,http,61,10
zetex.nl,Pure Bodywear,0.8571428571428571,0.8571428571428571,,"bodywear:badmode,pyjama",0,,2025-11-07T16:19:53.214541,2025-11-07T16:19:53.906258,http,29,2
achieveprime.com,Pure Bodywear,0.8571428571428571,0.8571428571428571,,bodywear:bh,0,,2025-11-07T16:23:11.186486,2025-11-07T16:23:12.565190,http,108,9
www.sassamode.com,Pure Bodywear,0.8571428571428571,0.8571428571428571,,"bodywear:panties,loungewear,slips,unterwäsche,bademode",0,,2025-11-07T16:36:56.240084,2025-11-07T16:36:56.473964,http,61,10
paindesucre.com,Pure Bodywear,0.8566666666666667,0.8566666666666667,,"bodywear:lingerie,maillots;generalist:maison",0,,2025-11-07T16:39:22.617734,2025-11-07T16:39:23.224522,http,6,8
euromoda-neuss.com,Pure Bodywear,0.8565217391304347,0.8565217391304347,,bodywear:lingerie;generalist:home,0,,2025-11-07T16:20:40.682319,2025-11-07T16:20:42.782364,http,69,10
agentprovocateur.com,Pure Bodywear,0.855,0.0,0.95,vision_screenshot:0.95;text_extraction_failed,1,,2025-11-07T12:10:36.842321,2025-11-07T12:10:41.817490,playwright,0,0
laperla.com,Pure Bodywear,0.855,0.0,0.95,vision_screenshot:0.95;text_extraction_failed,1,,2025-11-07T12:32:09.707283,2025-11-07T12:32:25.343741,playwright,0,0
maisonlejaby.com,Pure Bodywear,0.855,0.0,0.95,vision_screenshot:0.95;text_extraction_failed,1,,2025-11-07T12:34:46.692186,2025-11-07T12:34:57.213017,playwright,0,0
gossard.com,Pure Bodywear,0.855,0.0,0.95,vision_screenshot:0.95;text_extraction_failed,1,,2025-11-07T13:08:18.138241,2025-11-07T13:08:26.118525,playwright,0,0
sardaworld.com,Pure Bodywear,0.855,0.0,0.95,vision_screenshot:0.95;text_extraction_failed,1,,2025-11-07T13:21:41.933171,2025-11-07T13:21:45.644905,playwright,0,0
wacoal-america.com,Pure Bodywear,0.855,0.0,0.95,vision_screenshot:0.95;text_extraction_failed,1,,2025-11-07T14:03:05.145308,2025-11-07T14:03:11.603475,playwright,0,0
loungeunderwear.com,Pure Bodywear,0.855,0.0,0.95,vision_screenshot:0.95;text_extraction_failed,1,,2025-11-07T16:22:51.011118,2025-11-07T16:22:53.904460,playwright,0,0
lounge.com,Pure Bodywear,0.855,0.0,0.95,vision_screenshot:0.95;text_extraction_failed,1,,2025-11-07T17:15:46.046080,2025-11-07T17:15:49.771326,playwright,0,0
nisseparis.com,Pure Bodywear,0.8500000000000001,0.8,0.9,bodywear:bra;vision_screenshot:0.90,1,,2025-11-07T13:15:46.598142,2025-11-07T13:15:50.922619,http+vision,40,6
ludiqueshop.com,Pure Bodywear,0.85,0.85,,"bodywear:lingerie,underwear,bras,nightwear,loungewear;generalist:outerwear,accessories",0,,2025-11-07T12:34:42.408183,2025-11-07T12:34:42.839851,http,22,10
valege.com,Pure Bodywear,0.8487179487179487,0.7974358974358974,0.9,"bodywear:lingerie,loungewear,pyjama,soutien-gorge,maillots;generalist:accessoires;vision_screenshot:0.90",1,,2025-11-07T13:22:37.451390,2025-11-07T13:22:43.612317,http+vision,94,9
flaviavalentini.com,Pure Bodywear,0.8464285714285714,0.8464285714285714,,"bodywear:swimwear,loungewear,slip,costumi;generalist:accessori",0,,2025-11-07T16:37:53.501539,2025-11-07T16:37:54.360764,http,51,6
cyberjammies.com,Pure Bodywear,0.8423611111111111,0.8423611111111111,,"bodywear:underwear,nightwear,pyjamas,loungewear,pyjama;generalist:kids,accessories",0,,2025-11-07T13:13:46.750075,2025-11-07T13:13:48.828014,http,105,10
hunkemoller.be,Pure Bodywear,0.842,0.842,,"bodywear:lingerie,bodywear,bh,slips,nachtmode;generalist:accessoires",0,,2025-11-07T17:11:27.551738,2025-11-07T17:11:28.136124,http,89,9
ethel.it,Pure Bodywear,0.8355555555555555,0.8355555555555555,,"bodywear:lingerie,notte;generalist:giacche",0,,2025-11-07T16:37:38.230316,2025-11-07T16:37:39.145356,http,118,10
leslipfrancais.fr,Pure Bodywear,0.8333333333333334,0.8333333333333334,,"bodywear:boxers,slip",0,,2025-11-07T12:33:06.609269,2025-11-07T12:33:07.340328,http,11,3
speedo.com,Pure Bodywear,0.8333333333333334,0.8333333333333334,,"bodywear:bra,swimwear,swim",0,,2025-11-07T12:54:03.749845,2025-11-07T12:54:25.299890,http,56,10
occidente.fr,Pure Bodywear,0.8333333333333334,0.8333333333333334,,bodywear:lingerie,0,,2025-11-07T13:10:31.434727,2025-11-07T13:10:33.036364,http,35,9
happy-undies.com,Pure Bodywear,0.8333333333333334,0.8333333333333334,,"bodywear:undies,string",0,,2025-11-07T13:14:54.027293,2025-11-07T13:14:54.845324,http,37,7
apartoftheart.com,Pure Bodywear,0.8333333333333334,0.8333333333333334,,bodywear:loungewear,0,,2025-11-07T13:23:05.809644,2025-11-07T13:23:06.149785,http,68,10
soeurtokyo.com,Pure Bodywear,0.8333333333333334,0.8333333333333334,,bodywear:lingerie,0,,2025-11-07T14:31:17.476258,2025-11-07T14:31:17.857589,http,27,5
hanro.com,Pure Bodywear,0.8333333333333334,0.8333333333333334,,"bodywear:underwear,bras,panties,slips",0,,2025-11-07T16:19:33.376210,2025-11-07T16:19:35.073125,http,50,6
elg-corporate.com,Pure Bodywear,0.8333333333333334,0.8333333333333334,,bodywear:lingerie,0,,2025-11-07T16:21:19.242975,2025-11-07T16:21:19.551425,http,24,9
bleuforet.fr,Pure Bodywear,0.8333333333333334,0.8333333333333334,,"bodywear:panties,boxer",0,,2025-11-07T17:13:19.290591,2025-11-07T17:13:20.407279,http,43,9
comazo.de,Pure Bodywear,0.8319148936170213,0.8319148936170213,,"bodywear:panties,shapewear,trunks,bh,slips;generalist:accessoires",0,,2025-11-07T12:21:56.670942,2025-11-07T12:21:59.324916,http,99,5
beerenondergoed.nl,Pure Bodywear,0.82875,0.82875,,"bodywear:ondergoed,slip,slips,nachtkleding,boxershorts;generalist:baby,kinder",0,,2025-11-07T12:12:30.037953,2025-11-07T12:12:31.034408,http,98,0
tencate1952.com,Pure Bodywear,0.828030303030303,0.828030303030303,,"bodywear:shapewear,bikini,ondergoed,bh,slips;generalist:kinderen,accessoires,kinder",0,,2025-11-07T13:12:02.551314,2025-11-07T13:12:03.245404,http,101,1
brunobanani.com,Pure Bodywear,0.8263157894736841,0.8263157894736841,,"bodywear:panties,slips,boxershorts,unterwäsche,bademode;generalist:beauty",0,,2025-11-07T13:03:05.689391,2025-11-07T13:03:06.062735,http,53,5
aikyou.de,Pure Bodywear,0.825,0.8,0.85,bodywear:bh;vision_screenshot:0.85,1,,2025-11-07T16:30:15.827218,2025-11-07T16:30:18.538075,http+vision,32,7
lisecharmel.fr,Pure Bodywear,0.8238636363636364,0.7977272727272727,0.85,"bodywear:lingerie,loungewear,nuit;generalist:accessoires;vision_screenshot:0.85",1,,2025-11-07T16:20:10.810357,2025-11-07T16:20:14.309989,http+vision,45,10
reinaolga.com,Pure Bodywear,0.8238636363636364,0.7977272727272727,0.85,"bodywear:swimwear,swim,bikini;generalist:accessories;vision_screenshot:0.85",1,,2025-11-07T16:22:11.451872,2025-11-07T16:22:15.792903,http+vision,72,4
organicbasics.com,Pure Bodywear,0.8225806451612903,0.7451612903225806,0.9,"bodywear:underwear,bras,pyjamas,swimwear,loungewear;generalist:accessories;vision_screenshot:0.90",1,,2025-11-07T13:10:42.490655,2025-11-07T13:10:52.123078,http+vision,149,9
achile.com,Pure Bodywear,0.8208333333333334,0.8208333333333334,,"bodywear:underwear,pajamas,pyjamas,boxers,boxer;generalist:home",0,,2025-11-07T17:16:01.535317,2025-11-07T17:16:02.407895,http,33,9
chelseapeersnyc.com,Pure Bodywear,0.8204545454545454,0.8204545454545454,,"bodywear:pyjamas,swim,pyjama;generalist:jackets,accessories",0,,2025-11-07T12:21:26.716130,2025-11-07T12:21:28.262416,http,150,10
atelier-amour.com,Pure Bodywear,0.8204545454545454,0.8204545454545454,,"bodywear:lingerie,boxers,soutien-gorge,culotte,nuit;generalist:accessoires",0,,2025-11-07T16:18:51.319567,2025-11-07T16:18:51.879774,http,108,0
nenes-paris.com,Pure Bodywear,0.8175675675675675,0.8175675675675675,,"bodywear:lingerie,pyjamas;generalist:accessoires,vestes,bijoux",0,,2025-11-07T12:37:09.133623,2025-11-07T12:37:10.045021,http,48,6
bananamoon.com,Pure Bodywear,0.8166666666666667,0.8166666666666667,,"bodywear:swimwear,bikini,loungewear,thong,shorty;generalist:accessories",0,,2025-11-07T12:12:24.408219,2025-11-07T12:12:25.142109,http,98,2
sockmyfeet.com,Pure Bodywear,0.8145833333333333,0.8145833333333333,,"bodywear:underwear,boxer,sokken;generalist:home",0,,2025-11-07T12:53:53.290043,2025-11-07T12:53:54.154183,http,104,10
snocks.com,Pure Bodywear,0.81375,0.7775000000000001,0.85,"bodywear:pyjamas,trunks,slips,boxershorts,unterwäsche;generalist:accessoires;vision_screenshot:0.85",1,,2025-11-07T16:21:08.620603,2025-11-07T16:21:13.258198,http+vision,48,10
sanscomplexe.com,Pure Bodywear,0.81,0.0,0.9,vision_screenshot:0.90;text_extraction_failed,1,,2025-11-07T12:40:39.190424,2025-11-07T12:40:58.773925,playwright,0,0
antigel.com,Pure Bodywear,0.81,0.0,0.9,vision_screenshot:0.90;text_extraction_failed,1,,2025-11-07T13:12:41.039957,2025-11-07T13:12:46.701539,playwright,0,0
aubade.com,Pure Bodywear,0.81,0.0,0.9,vision_screenshot:0.90;text_extraction_failed,1,,2025-11-07T13:12:47.709955,2025-11-07T13:12:52.124298,playwright,0,0
aubade.eu,Pure Bodywear,0.81,0.0,0.9,vision_screenshot:0.90;text_extraction_failed,1,,2025-11-07T16:22:29.903363,2025-11-07T16:22:33.016697,playwright,0,0
inter-spitzen.ch,Pure Bodywear,0.8058823529411764,0.8058823529411764,,"bodywear:lingerie,swimwear,loungewear;generalist:outerwear",0,,2025-11-07T16:09:49.456970,2025-11-07T16:09:50.112881,http,30,9
stilladore.com,Pure Bodywear,0.8055555555555556,0.7611111111111111,0.85,"bodywear:bras,panties,hipster,tanga;generalist:home;vision_screenshot:0.85",1,,2025-11-07T16:04:18.439964,2025-11-07T16:04:22.769226,http+vision,20,9
guydefrance.com,Pure Bodywear,0.8055555555555556,0.7611111111111111,0.85,"bodywear:lingerie,ondergoed;generalist:home;vision_screenshot:0.85",1,,2025-11-07T16:19:07.826441,2025-11-07T16:19:14.684298,http+vision,7,4
effek.it,Pure Bodywear,0.8015873015873015,0.8015873015873015,,"bodywear:bikini,slip,costumi;generalist:bags,accessori,borse",0,,2025-11-07T16:27:43.474255,2025-11-07T16:27:45.023204,http,99,5
fr.simone-perele.com,Pure Bodywear,0.8,0.8,,"bodywear:lingerie,shapewear,loungewear,nuit;generalist:accessoires",0,,2025-11-07T13:22:16.082774,2025-11-07T13:22:17.977325,http,146,10
shopatmira.com,Pure Bodywear,0.8,0.8,,bodywear:sleepwear,0,,2025-11-07T14:28:06.838758,2025-11-07T14:28:10.720479,http,50,10
lingeriecup.com,Pure Bodywear,0.7906249999999999,0.73125,0.85,"bodywear:lingerie,bra;generalist:accessories;vision_screenshot:0.85",1,,2025-11-07T16:10:23.176618,2025-11-07T16:10:37.141040,http+vision,8,6
hunkemoller.fr,Pure Bodywear,0.7887931034482758,0.7275862068965517,0.85,"bodywear:lingerie,bodywear,soutien-gorge,nuit;generalist:accessoires;vision_screenshot:0.85",1,,2025-11-07T17:11:29.285131,2025-11-07T17:11:34.506978,http+vision,87,10
acquadicocco.com,Pure Bodywear,0.7871621621621622,0.7243243243243244,0.85,"bodywear:swimwear,bikini,costumi;generalist:home,accessori,borse;vision_screenshot:0.85",1,,2025-11-07T13:12:30.711784,2025-11-07T13:12:38.100981,http+vision,62,0
princessetamtam.com,Pure Bodywear,0.7858490566037736,0.7858490566037736,,"bodywear:lingerie,bra,bras,briefs,panties;generalist:jeans,coats,jackets",0,,2025-11-07T17:25:05.766273,2025-11-07T17:25:25.423383,firecrawl,118,0
maison-close.com,Pure Bodywear,0.78359375,0.7171875,0.85,"bodywear:lingerie,bras,panties,thong,boxer;generalist:accessories,jewelry,maison;vision_screenshot:0.85",1,,2025-11-07T13:09:35.673924,2025-11-07T13:09:42.108193,http+vision,150,9
beldona.com,Pure Bodywear,0.7816793893129771,0.7816793893129771,,"bodywear:lingerie,panties,shapewear,loungewear,bh;generalist:accessoires",0,,2025-11-07T17:00:01.901523,2025-11-07T17:00:04.997062,http,144,10
sunflair.de,Pure Bodywear,0.7792857142857144,0.7085714285714286,0.85,"bodywear:bikini,bademode;generalist:home,accessories;vision_screenshot:0.85",1,,2025-11-07T16:43:18.652524,2025-11-07T16:43:23.278989,http+vision,111,9
grain-de-sable.fr,Pure Bodywear,0.7738636363636364,0.7977272727272727,0.75,"bodywear:string,tanga,culotte,maillots;generalist:accessoires;vision_screenshot:0.75",1,,2025-11-07T17:31:01.183686,2025-11-07T17:31:07.679662,http+vision,24,10
maison-leveque.com,Pure Bodywear,0.7714285714285714,0.6928571428571428,0.85,bodywear:lingerie;generalist:maison;vision_screenshot:0.85,1,,2025-11-07T14:37:18.973721,2025-11-07T14:37:24.930168,http+vision,8,4
group.chantellelingerie.com,Pure Bodywear,0.7714285714285714,0.6928571428571428,0.85,bodywear:lingerie;generalist:home;vision_screenshot:0.85,1,,2025-11-07T16:37:35.421251,2025-11-07T16:37:37.901461,http+vision,9,0
primadonna.com,Pure Bodywear,0.765,0.0,0.85,vision_screenshot:0.85;text_extraction_failed,1,,2025-11-07T12:38:39.790012,2025-11-07T12:38:44.165049,playwright,0,0
sloggi.com,Pure Bodywear,0.765,0.0,0.85,vision_screenshot:0.85;text_extraction_failed,1,,2025-11-07T12:41:27.150796,2025-11-07T12:41:35.554726,playwright,0,0
yse-paris.com,Pure Bodywear,0.765,0.0,0.85,vision_screenshot:0.85;text_extraction_failed,1,,2025-11-07T13:01:13.320373,2025-11-07T13:01:25.518387,playwright,0,0
anita.com,Pure Bodywear,0.765,0.0,0.85,vision_screenshot:0.85;text_extraction_failed,1,,2025-11-07T13:02:27.451650,2025-11-07T13:02:31.007805,playwright,0,0
mey.com,Pure Bodywear,0.765,0.0,0.85,vision_screenshot:0.85;text_extraction_failed,1,,2025-11-07T13:09:48.695642,2025-11-07T13:09:52.534464,playwright,0,0
byebra.eu,Pure Bodywear,0.765,0.0,0.85,vision_screenshot:0.85;text_extraction_failed,1,,2025-11-07T13:13:07.079071,2025-11-07T13:13:17.707265,playwright,0,0
mariejo.com,Pure Bodywear,0.765,0.0,0.85,vision_screenshot:0.85;text_extraction_failed,1,,2025-11-07T13:20:26.978334,2025-11-07T13:20:32.369051,playwright,0,0
bodyandbeach.nl,Pure Bodywear,0.765,0.0,0.85,vision_screenshot:0.85;text_extraction_failed,1,,2025-11-07T14:10:47.759266,2025-11-07T14:10:55.324299,playwright,0,0
panache-lingerie.com,Pure Bodywear,0.765,0.0,0.85,vision_screenshot:0.85;text_extraction_failed,1,,2025-11-07T14:27:29.366703,2025-11-07T14:27:32.711257,playwright,0,0
reign-studio.com,Pure Bodywear,0.765,0.0,0.85,vision_screenshot:0.85;text_extraction_failed,1,,2025-11-07T14:30:05.621949,2025-11-07T14:30:09.888660,playwright,0,0
dgywk.cn,Pure Bodywear,0.765,0.0,0.85,vision_screenshot:0.85;text_extraction_failed,1,,2025-11-07T16:08:03.915141,2025-11-07T16:09:07.946389,playwright,0,0
ilonibydilan.com,Pure Bodywear,0.765,0.0,0.85,vision_screenshot:0.85;text_extraction_failed,1,,2025-11-07T16:17:45.591287,2025-11-07T16:17:54.637249,playwright,0,0
vandevelde.eu,Pure Bodywear,0.765,0.0,0.85,vision_screenshot:0.85;text_extraction_failed,1,,2025-11-07T16:20:02.876531,2025-11-07T16:20:04.819152,playwright,0,0
anita.net,Pure Bodywear,0.765,0.0,0.85,vision_screenshot:0.85;text_extraction_failed,1,,2025-11-07T16:20:07.781514,2025-11-07T16:20:10.474960,playwright,0,0
theunderdays.com,Pure Bodywear,0.765,0.0,0.85,vision_screenshot:0.85;text_extraction_failed,1,,2025-11-07T16:22:02.676053,2025-11-07T16:22:07.822094,playwright,0,0
dim.com,Pure Bodywear,0.765,0.0,0.85,vision_screenshot:0.85;text_extraction_failed,1,,2025-11-07T16:22:42.010214,2025-11-07T16:22:50.734920,playwright,0,0
calidagroup.com,Pure Bodywear,0.765,0.0,0.85,vision_screenshot:0.85;text_extraction_failed,1,,2025-11-07T16:28:10.478083,2025-11-07T16:28:14.770759,playwright,0,0
girlsinparis.com,Pure Bodywear,0.765,0.0,0.85,vision_screenshot:0.85;text_extraction_failed,1,,2025-11-07T16:28:51.389973,2025-11-07T16:28:54.128483,playwright,0,0
missmary.com,Pure Bodywear,0.765,0.0,0.85,vision_screenshot:0.85;text_extraction_failed,1,,2025-11-07T17:02:34.987578,2025-11-07T17:02:41.477231,playwright,0,0
dim.fr,Pure Bodywear,0.765,0.0,0.85,vision_screenshot:0.85;text_extraction_failed,1,,2025-11-07T17:16:23.687914,2025-11-07T17:16:31.108280,playwright,0,0
lovesecrethk.com,Pure Bodywear,0.7583333333333333,0.6666666666666666,0.85,bodywear:bra;vision_screenshot:0.85,1,,2025-11-07T14:28:10.982674,2025-11-07T14:28:15.319856,http+vision,50,10
int.li-vy.com,Pure Bodywear,0.753030303030303,0.6560606060606061,0.85,"bodywear:lingerie,swimwear;generalist:accessoires;vision_screenshot:0.85",1,,2025-11-07T13:09:14.267044,2025-11-07T13:09:25.169548,http+vision,58,1
lesrituelles.fr,Pure Bodywear,0.7509615384615385,0.6519230769230769,0.85,"bodywear:lingerie,dessous,sous-vêtements;generalist:accessoires,bijoux;vision_screenshot:0.85",1,,2025-11-07T16:09:08.346813,2025-11-07T16:09:11.629960,http+vision,6,10
borneo-paris.com,Pure Bodywear,0.75,0.75,0.75,bodywear:swimwear;vision_screenshot:0.75,1,,2025-11-07T17:21:46.257911,2025-11-07T17:21:52.372031,http+vision,66,9
kokoaka.com,Pure Bodywear,0.7424528301886792,0.7424528301886792,,"bodywear:swimwear,bikini;generalist:accessories",0,,2025-11-07T14:36:07.544218,2025-11-07T14:36:11.110176,http,84,8
miss-perfect.shop,Pure Bodywear,0.7256578947368421,0.7013157894736841,0.75,"bodywear:shapewear,bh,slips,dessous;generalist:accessoires;vision_screenshot:0.75",1,,2025-11-07T16:37:06.035961,2025-11-07T16:37:13.852319,http+vision,35,8
cakematernity.com,Pure Bodywear,0.7250000000000001,0.7000000000000001,0.75,"bodywear:underwear,bras,sleepwear,swimwear;generalist:accessories;vision_screenshot:0.75",1,,2025-11-07T14:24:28.127190,2025-11-07T14:24:45.317587,http+vision,88,1
goetzburg.com,Pure Bodywear,0.7200000000000001,0.0,0.8,vision_screenshot:0.80;text_extraction_failed,1,,2025-11-07T13:08:26.460716,2025-11-07T13:08:33.911028,playwright,0,0
laviantmie.com,Pure Bodywear,0.71875,0.5875,0.85,bodywear:lingerie;generalist:home;vision_screenshot:0.85,1,,2025-11-07T13:15:40.165165,2025-11-07T13:15:44.721613,http+vision,16,9
sh-dessous.de,Pure Bodywear,0.7166666666666667,0.7166666666666667,,"bodywear:lingerie,shapewear,slips,dessous,nachtwäsche;generalist:home,accessoires",0,,2025-11-07T17:09:25.029226,2025-11-07T17:09:27.473909,http,67,9
1-9-7-9.com,Pure Bodywear,0.7130000000000001,0.776,0.65,"bodywear:swimwear,bikini;generalist:home,bags;vision_screenshot:0.65",1,,2025-11-07T12:09:51.575954,2025-11-07T12:09:58.282407,http+vision,26,9
shopunderstatement.com,Pure Bodywear,0.7,0.5,0.9,bodywear:panties;vision_screenshot:0.90,1,,2025-11-07T12:56:42.063065,2025-11-07T12:56:54.012317,http+vision,48,10
ringella.com,Pure Bodywear,0.7,0.75,0.65,"bodywear:pyjamas,loungewear,nachtwäsche;vision_screenshot:0.65",1,,2025-11-07T16:19:39.688125,2025-11-07T16:19:42.767465,http+vision,16,10
novila.de,Pure Bodywear,0.7,0.75,0.65,"bodywear:unterwäsche,nachtwäsche;vision_screenshot:0.65",1,,2025-11-07T16:31:36.168298,2025-11-07T16:31:41.247016,http+vision,21,10
